﻿Final Result,MOM,Records,Runners-Up,Title Winners,Title Year
Kolkata won by 5 wickets,Manvinder Bisla (89 of 48 balls),1,Chennai Super Kings,Kolkata Knight Riders,2012
Mumbai won by 23 runs,Kieron Pollard (60 of 32 ball),1,Chennai Super Kings,Mumbai Indians,2013
Mumbai won by 41 runs,Rohit Sharma (50 of 26 balls),1,Chennai Super Kings,Mumbai Indians,2015
Rajasthan beat Chennai by 3 wickets,Yusuf Pathan (56 of 39 balls),1,Chennai Super Kings,Rajasthan Royals,2008
Kolkata won by 3 wickets,Manish Pandey (94 of 50 balls),1,Kings XI Punjab,Kolkata Knight Riders,2014
Chennai beat Mumbai by 22 runs,Suresh Raina (57 runs),1,Mumbai Indians,Chennai Super Kings,2010
Chennai won by 58 runs,Murali Vijay (95 runs of 52 balls),1,Royal Challengers Bangalore,Chennai Super Kings,2011
Deccan beat Bangalore by 6 runs,Anil Kumble (4 wickets for 16 runs),1,Royal Challengers Bangalore,Deccan Chargers,2009
Sunrisers won by 8 runs,BCJ Cutting (2 wickets & 39 runs,1,Royal Challengers Bangalore,Sunrisers Hydrabad,2016
Mumbai Indians won by 1 run,Krunal Pandya,1,Pune Warriors,Mumbai Indians,2017
Chennai won by 8 wickets,Shane Watson,1,Sunrisers Hydrabad,Chennai Super Kings,2018
